--
-- PostgreSQL database dump
--

-- Dumped from database version 16.0 (Homebrew)
-- Dumped by pg_dump version 16.0 (Homebrew)

-- Started on 2023-11-23 14:36:53 +05

SET statement_timeout = 0;
SET lock_timeout = 0;
SET idle_in_transaction_session_timeout = 0;
SET client_encoding = 'UTF8';
SET standard_conforming_strings = on;
SELECT pg_catalog.set_config('search_path', '', false);
SET check_function_bodies = false;
SET xmloption = content;
SET client_min_messages = warning;
SET row_security = off;

--
-- TOC entry 4 (class 2615 OID 2200)
-- Name: public; Type: SCHEMA; Schema: -; Owner: pg_database_owner
--

CREATE SCHEMA public;


ALTER SCHEMA public OWNER TO pg_database_owner;

--
-- TOC entry 3782 (class 0 OID 0)
-- Dependencies: 4
-- Name: SCHEMA public; Type: COMMENT; Schema: -; Owner: pg_database_owner
--

COMMENT ON SCHEMA public IS 'standard public schema';


SET default_tablespace = '';

SET default_table_access_method = heap;

--
-- TOC entry 235 (class 1259 OID 17801)
-- Name: users; Type: TABLE; Schema: public; Owner: postgres
--

CREATE TABLE public.users (
    id bigint NOT NULL,
    last_login timestamp with time zone,
    email character varying(254) NOT NULL,
    username character varying(50) NOT NULL,
    password character varying(50) NOT NULL,
    is_active boolean NOT NULL,
    is_staff boolean NOT NULL,
    is_moderator boolean NOT NULL,
    is_superuser boolean NOT NULL,
    created_at timestamp with time zone NOT NULL,
    updated_at timestamp with time zone NOT NULL
);


ALTER TABLE public.users OWNER TO postgres;

--
-- TOC entry 234 (class 1259 OID 17800)
-- Name: account_customuser_id_seq; Type: SEQUENCE; Schema: public; Owner: postgres
--

ALTER TABLE public.users ALTER COLUMN id ADD GENERATED BY DEFAULT AS IDENTITY (
    SEQUENCE NAME public.account_customuser_id_seq
    START WITH 1
    INCREMENT BY 1
    NO MINVALUE
    NO MAXVALUE
    CACHE 1
);


--
-- TOC entry 239 (class 1259 OID 17818)
-- Name: articles; Type: TABLE; Schema: public; Owner: postgres
--

CREATE TABLE public.articles (
    id bigint NOT NULL,
    title character varying(100) NOT NULL,
    annotation character varying(255) NOT NULL,
    description text NOT NULL,
    status character varying(100) NOT NULL,
    creation_date timestamp with time zone,
    approving_date timestamp with time zone,
    publication_date timestamp with time zone,
    moderator_id bigint,
    user_id bigint
);


ALTER TABLE public.articles OWNER TO postgres;

--
-- TOC entry 241 (class 1259 OID 17826)
-- Name: articles_authors; Type: TABLE; Schema: public; Owner: postgres
--

CREATE TABLE public.articles_authors (
    id bigint NOT NULL,
    articles_id bigint NOT NULL,
    authors_id bigint NOT NULL
);


ALTER TABLE public.articles_authors OWNER TO postgres;

--
-- TOC entry 240 (class 1259 OID 17825)
-- Name: articles_authors_id_seq; Type: SEQUENCE; Schema: public; Owner: postgres
--

ALTER TABLE public.articles_authors ALTER COLUMN id ADD GENERATED BY DEFAULT AS IDENTITY (
    SEQUENCE NAME public.articles_authors_id_seq
    START WITH 1
    INCREMENT BY 1
    NO MINVALUE
    NO MAXVALUE
    CACHE 1
);


--
-- TOC entry 238 (class 1259 OID 17817)
-- Name: articles_id_seq; Type: SEQUENCE; Schema: public; Owner: postgres
--

ALTER TABLE public.articles ALTER COLUMN id ADD GENERATED BY DEFAULT AS IDENTITY (
    SEQUENCE NAME public.articles_id_seq
    START WITH 1
    INCREMENT BY 1
    NO MINVALUE
    NO MAXVALUE
    CACHE 1
);


--
-- TOC entry 222 (class 1259 OID 17677)
-- Name: auth_group; Type: TABLE; Schema: public; Owner: postgres
--

CREATE TABLE public.auth_group (
    id integer NOT NULL,
    name character varying(150) NOT NULL
);


ALTER TABLE public.auth_group OWNER TO postgres;

--
-- TOC entry 221 (class 1259 OID 17676)
-- Name: auth_group_id_seq; Type: SEQUENCE; Schema: public; Owner: postgres
--

ALTER TABLE public.auth_group ALTER COLUMN id ADD GENERATED BY DEFAULT AS IDENTITY (
    SEQUENCE NAME public.auth_group_id_seq
    START WITH 1
    INCREMENT BY 1
    NO MINVALUE
    NO MAXVALUE
    CACHE 1
);


--
-- TOC entry 224 (class 1259 OID 17685)
-- Name: auth_group_permissions; Type: TABLE; Schema: public; Owner: postgres
--

CREATE TABLE public.auth_group_permissions (
    id bigint NOT NULL,
    group_id integer NOT NULL,
    permission_id integer NOT NULL
);


ALTER TABLE public.auth_group_permissions OWNER TO postgres;

--
-- TOC entry 223 (class 1259 OID 17684)
-- Name: auth_group_permissions_id_seq; Type: SEQUENCE; Schema: public; Owner: postgres
--

ALTER TABLE public.auth_group_permissions ALTER COLUMN id ADD GENERATED BY DEFAULT AS IDENTITY (
    SEQUENCE NAME public.auth_group_permissions_id_seq
    START WITH 1
    INCREMENT BY 1
    NO MINVALUE
    NO MAXVALUE
    CACHE 1
);


--
-- TOC entry 220 (class 1259 OID 17671)
-- Name: auth_permission; Type: TABLE; Schema: public; Owner: postgres
--

CREATE TABLE public.auth_permission (
    id integer NOT NULL,
    name character varying(255) NOT NULL,
    content_type_id integer NOT NULL,
    codename character varying(100) NOT NULL
);


ALTER TABLE public.auth_permission OWNER TO postgres;

--
-- TOC entry 219 (class 1259 OID 17670)
-- Name: auth_permission_id_seq; Type: SEQUENCE; Schema: public; Owner: postgres
--

ALTER TABLE public.auth_permission ALTER COLUMN id ADD GENERATED BY DEFAULT AS IDENTITY (
    SEQUENCE NAME public.auth_permission_id_seq
    START WITH 1
    INCREMENT BY 1
    NO MINVALUE
    NO MAXVALUE
    CACHE 1
);


--
-- TOC entry 226 (class 1259 OID 17691)
-- Name: auth_user; Type: TABLE; Schema: public; Owner: postgres
--

CREATE TABLE public.auth_user (
    id integer NOT NULL,
    password character varying(128) NOT NULL,
    last_login timestamp with time zone,
    is_superuser boolean NOT NULL,
    username character varying(150) NOT NULL,
    first_name character varying(150) NOT NULL,
    last_name character varying(150) NOT NULL,
    email character varying(254) NOT NULL,
    is_staff boolean NOT NULL,
    is_active boolean NOT NULL,
    date_joined timestamp with time zone NOT NULL
);


ALTER TABLE public.auth_user OWNER TO postgres;

--
-- TOC entry 228 (class 1259 OID 17699)
-- Name: auth_user_groups; Type: TABLE; Schema: public; Owner: postgres
--

CREATE TABLE public.auth_user_groups (
    id bigint NOT NULL,
    user_id integer NOT NULL,
    group_id integer NOT NULL
);


ALTER TABLE public.auth_user_groups OWNER TO postgres;

--
-- TOC entry 227 (class 1259 OID 17698)
-- Name: auth_user_groups_id_seq; Type: SEQUENCE; Schema: public; Owner: postgres
--

ALTER TABLE public.auth_user_groups ALTER COLUMN id ADD GENERATED BY DEFAULT AS IDENTITY (
    SEQUENCE NAME public.auth_user_groups_id_seq
    START WITH 1
    INCREMENT BY 1
    NO MINVALUE
    NO MAXVALUE
    CACHE 1
);


--
-- TOC entry 225 (class 1259 OID 17690)
-- Name: auth_user_id_seq; Type: SEQUENCE; Schema: public; Owner: postgres
--

ALTER TABLE public.auth_user ALTER COLUMN id ADD GENERATED BY DEFAULT AS IDENTITY (
    SEQUENCE NAME public.auth_user_id_seq
    START WITH 1
    INCREMENT BY 1
    NO MINVALUE
    NO MAXVALUE
    CACHE 1
);


--
-- TOC entry 230 (class 1259 OID 17705)
-- Name: auth_user_user_permissions; Type: TABLE; Schema: public; Owner: postgres
--

CREATE TABLE public.auth_user_user_permissions (
    id bigint NOT NULL,
    user_id integer NOT NULL,
    permission_id integer NOT NULL
);


ALTER TABLE public.auth_user_user_permissions OWNER TO postgres;

--
-- TOC entry 229 (class 1259 OID 17704)
-- Name: auth_user_user_permissions_id_seq; Type: SEQUENCE; Schema: public; Owner: postgres
--

ALTER TABLE public.auth_user_user_permissions ALTER COLUMN id ADD GENERATED BY DEFAULT AS IDENTITY (
    SEQUENCE NAME public.auth_user_user_permissions_id_seq
    START WITH 1
    INCREMENT BY 1
    NO MINVALUE
    NO MAXVALUE
    CACHE 1
);


--
-- TOC entry 237 (class 1259 OID 17810)
-- Name: authors; Type: TABLE; Schema: public; Owner: postgres
--

CREATE TABLE public.authors (
    id bigint NOT NULL,
    middle_name character varying(100) NOT NULL,
    first_name character varying(100) NOT NULL,
    last_name character varying(100) NOT NULL,
    date_of_birth date,
    status character varying(100) NOT NULL,
    country character varying(100),
    city character varying(100),
    affiliation character varying(255),
    biography text NOT NULL,
    image character varying(100),
    time_create timestamp with time zone,
    last_modified timestamp with time zone
);


ALTER TABLE public.authors OWNER TO postgres;

--
-- TOC entry 236 (class 1259 OID 17809)
-- Name: authors_id_seq; Type: SEQUENCE; Schema: public; Owner: postgres
--

ALTER TABLE public.authors ALTER COLUMN id ADD GENERATED BY DEFAULT AS IDENTITY (
    SEQUENCE NAME public.authors_id_seq
    START WITH 1
    INCREMENT BY 1
    NO MINVALUE
    NO MAXVALUE
    CACHE 1
);


--
-- TOC entry 232 (class 1259 OID 17763)
-- Name: django_admin_log; Type: TABLE; Schema: public; Owner: postgres
--

CREATE TABLE public.django_admin_log (
    id integer NOT NULL,
    action_time timestamp with time zone NOT NULL,
    object_id text,
    object_repr character varying(200) NOT NULL,
    action_flag smallint NOT NULL,
    change_message text NOT NULL,
    content_type_id integer,
    user_id integer NOT NULL,
    CONSTRAINT django_admin_log_action_flag_check CHECK ((action_flag >= 0))
);


ALTER TABLE public.django_admin_log OWNER TO postgres;

--
-- TOC entry 231 (class 1259 OID 17762)
-- Name: django_admin_log_id_seq; Type: SEQUENCE; Schema: public; Owner: postgres
--

ALTER TABLE public.django_admin_log ALTER COLUMN id ADD GENERATED BY DEFAULT AS IDENTITY (
    SEQUENCE NAME public.django_admin_log_id_seq
    START WITH 1
    INCREMENT BY 1
    NO MINVALUE
    NO MAXVALUE
    CACHE 1
);


--
-- TOC entry 218 (class 1259 OID 17663)
-- Name: django_content_type; Type: TABLE; Schema: public; Owner: postgres
--

CREATE TABLE public.django_content_type (
    id integer NOT NULL,
    app_label character varying(100) NOT NULL,
    model character varying(100) NOT NULL
);


ALTER TABLE public.django_content_type OWNER TO postgres;

--
-- TOC entry 217 (class 1259 OID 17662)
-- Name: django_content_type_id_seq; Type: SEQUENCE; Schema: public; Owner: postgres
--

ALTER TABLE public.django_content_type ALTER COLUMN id ADD GENERATED BY DEFAULT AS IDENTITY (
    SEQUENCE NAME public.django_content_type_id_seq
    START WITH 1
    INCREMENT BY 1
    NO MINVALUE
    NO MAXVALUE
    CACHE 1
);


--
-- TOC entry 216 (class 1259 OID 17655)
-- Name: django_migrations; Type: TABLE; Schema: public; Owner: postgres
--

CREATE TABLE public.django_migrations (
    id bigint NOT NULL,
    app character varying(255) NOT NULL,
    name character varying(255) NOT NULL,
    applied timestamp with time zone NOT NULL
);


ALTER TABLE public.django_migrations OWNER TO postgres;

--
-- TOC entry 215 (class 1259 OID 17654)
-- Name: django_migrations_id_seq; Type: SEQUENCE; Schema: public; Owner: postgres
--

ALTER TABLE public.django_migrations ALTER COLUMN id ADD GENERATED BY DEFAULT AS IDENTITY (
    SEQUENCE NAME public.django_migrations_id_seq
    START WITH 1
    INCREMENT BY 1
    NO MINVALUE
    NO MAXVALUE
    CACHE 1
);


--
-- TOC entry 233 (class 1259 OID 17791)
-- Name: django_session; Type: TABLE; Schema: public; Owner: postgres
--

CREATE TABLE public.django_session (
    session_key character varying(40) NOT NULL,
    session_data text NOT NULL,
    expire_date timestamp with time zone NOT NULL
);


ALTER TABLE public.django_session OWNER TO postgres;

--
-- TOC entry 3774 (class 0 OID 17818)
-- Dependencies: 239
-- Data for Name: articles; Type: TABLE DATA; Schema: public; Owner: postgres
--



--
-- TOC entry 3776 (class 0 OID 17826)
-- Dependencies: 241
-- Data for Name: articles_authors; Type: TABLE DATA; Schema: public; Owner: postgres
--



--
-- TOC entry 3757 (class 0 OID 17677)
-- Dependencies: 222
-- Data for Name: auth_group; Type: TABLE DATA; Schema: public; Owner: postgres
--



--
-- TOC entry 3759 (class 0 OID 17685)
-- Dependencies: 224
-- Data for Name: auth_group_permissions; Type: TABLE DATA; Schema: public; Owner: postgres
--



--
-- TOC entry 3755 (class 0 OID 17671)
-- Dependencies: 220
-- Data for Name: auth_permission; Type: TABLE DATA; Schema: public; Owner: postgres
--

INSERT INTO public.auth_permission VALUES (1, 'Can add log entry', 1, 'add_logentry');
INSERT INTO public.auth_permission VALUES (2, 'Can change log entry', 1, 'change_logentry');
INSERT INTO public.auth_permission VALUES (3, 'Can delete log entry', 1, 'delete_logentry');
INSERT INTO public.auth_permission VALUES (4, 'Can view log entry', 1, 'view_logentry');
INSERT INTO public.auth_permission VALUES (5, 'Can add permission', 2, 'add_permission');
INSERT INTO public.auth_permission VALUES (6, 'Can change permission', 2, 'change_permission');
INSERT INTO public.auth_permission VALUES (7, 'Can delete permission', 2, 'delete_permission');
INSERT INTO public.auth_permission VALUES (8, 'Can view permission', 2, 'view_permission');
INSERT INTO public.auth_permission VALUES (9, 'Can add group', 3, 'add_group');
INSERT INTO public.auth_permission VALUES (10, 'Can change group', 3, 'change_group');
INSERT INTO public.auth_permission VALUES (11, 'Can delete group', 3, 'delete_group');
INSERT INTO public.auth_permission VALUES (12, 'Can view group', 3, 'view_group');
INSERT INTO public.auth_permission VALUES (13, 'Can add user', 4, 'add_user');
INSERT INTO public.auth_permission VALUES (14, 'Can change user', 4, 'change_user');
INSERT INTO public.auth_permission VALUES (15, 'Can delete user', 4, 'delete_user');
INSERT INTO public.auth_permission VALUES (16, 'Can view user', 4, 'view_user');
INSERT INTO public.auth_permission VALUES (17, 'Can add content type', 5, 'add_contenttype');
INSERT INTO public.auth_permission VALUES (18, 'Can change content type', 5, 'change_contenttype');
INSERT INTO public.auth_permission VALUES (19, 'Can delete content type', 5, 'delete_contenttype');
INSERT INTO public.auth_permission VALUES (20, 'Can view content type', 5, 'view_contenttype');
INSERT INTO public.auth_permission VALUES (21, 'Can add session', 6, 'add_session');
INSERT INTO public.auth_permission VALUES (22, 'Can change session', 6, 'change_session');
INSERT INTO public.auth_permission VALUES (23, 'Can delete session', 6, 'delete_session');
INSERT INTO public.auth_permission VALUES (24, 'Can view session', 6, 'view_session');
INSERT INTO public.auth_permission VALUES (25, 'Can add Автор', 7, 'add_authors');
INSERT INTO public.auth_permission VALUES (26, 'Can change Автор', 7, 'change_authors');
INSERT INTO public.auth_permission VALUES (27, 'Can delete Автор', 7, 'delete_authors');
INSERT INTO public.auth_permission VALUES (28, 'Can view Автор', 7, 'view_authors');
INSERT INTO public.auth_permission VALUES (29, 'Can add Статья', 8, 'add_articles');
INSERT INTO public.auth_permission VALUES (30, 'Can change Статья', 8, 'change_articles');
INSERT INTO public.auth_permission VALUES (31, 'Can delete Статья', 8, 'delete_articles');
INSERT INTO public.auth_permission VALUES (32, 'Can view Статья', 8, 'view_articles');
INSERT INTO public.auth_permission VALUES (33, 'Can add custom user', 9, 'add_customuser');
INSERT INTO public.auth_permission VALUES (34, 'Can change custom user', 9, 'change_customuser');
INSERT INTO public.auth_permission VALUES (35, 'Can delete custom user', 9, 'delete_customuser');
INSERT INTO public.auth_permission VALUES (36, 'Can view custom user', 9, 'view_customuser');


--
-- TOC entry 3761 (class 0 OID 17691)
-- Dependencies: 226
-- Data for Name: auth_user; Type: TABLE DATA; Schema: public; Owner: postgres
--

INSERT INTO public.auth_user VALUES (1, 'pbkdf2_sha256$600000$Mq0tbxQY3rlMoBQVHYBiux$Axg8nyOJ1dGyTUQNf+5nWH0qxLQEZN7KuDfQWjw0mzU=', '2023-11-23 14:12:13.20831+05', true, 'admin', '', '', '', true, true, '2023-11-23 12:50:04.406297+05');


--
-- TOC entry 3763 (class 0 OID 17699)
-- Dependencies: 228
-- Data for Name: auth_user_groups; Type: TABLE DATA; Schema: public; Owner: postgres
--



--
-- TOC entry 3765 (class 0 OID 17705)
-- Dependencies: 230
-- Data for Name: auth_user_user_permissions; Type: TABLE DATA; Schema: public; Owner: postgres
--



--
-- TOC entry 3772 (class 0 OID 17810)
-- Dependencies: 237
-- Data for Name: authors; Type: TABLE DATA; Schema: public; Owner: postgres
--

INSERT INTO public.authors VALUES (1, 'Васильев', 'Ярослав', 'Матвеевич', '1997-09-13', 'Enabled', 'Россия', 'Ростов', 'МГТУ им Н.Э. Баумана', 'Васильев Ярослав Матвеевич - выдающийся научный деятель, родился в маленьком городке на севере России. С самого детства проявлял необычайный интерес к наукам, особенно к физике и математике. В школе его учителя всегда были в восторге от его способностей и страсти к изучению нового.

После окончания школы Васильев поступил в престижный университет, где продолжил свое образование в области естественных наук. Его работы и исследования привлекли внимание профессоров и коллег, и вскоре он стал одним из самых перспективных молодых ученых в своей области.

Он специализируется на разработке новых моделей и теорий в физике, и его работы публикуются в престижных журналах и научных изданиях. Васильев Ярослав Матвеевич уже получил несколько престижных наград и стипендий за свои достижения в науке.', 'authors/yarik.png', '2023-11-23 13:10:45.256623+05', '2023-11-23 13:10:45.25664+05');
INSERT INTO public.authors VALUES (2, 'Маркина', 'Арина', 'Игоревна', '2000-09-03', 'Enabled', 'Россия', 'Москва', 'VK Company', 'Маркина Арина Игоревна активно участвует в международных конференциях и научных форумах, где делится своими последними научными открытиями и идеями. Ее презентации всегда яркие и увлекательные, способные заинтересовать любую аудиторию.

Она специализируется на исследовании новых материалов и их свойств, а также на разработке инновационных технологий. Ее научные статьи регулярно публикуются в научных журналах, где они вызывают оживленные дискуссии и интерес со стороны научного сообщества.

Кроме науки, Маркина любит путешествовать и открывать для себя новые культуры и обычаи. В свободное время она также занимается фотографией и живописью, находя в них вдохновение и отдых от научных исследований.', 'authors/arina.png', '2023-11-23 13:11:59.88688+05', '2023-11-23 13:11:59.886893+05');
INSERT INTO public.authors VALUES (3, 'Павлов', 'Никита', 'Егорович', '1980-12-25', 'Enabled', 'Россия', 'Ставрополь', 'Sberbank Company', 'Павлов Никита Егорович - неординарный исследователь, родившийся и выросший в маленьком сельском поселении в глубине России. С самого детства его глубокий интерес к природе и науке явился явным, и он всегда отличался креативностью и нетрадиционным мышлением.

После окончания школы Павлов отправился в столицу, чтобы поступить в престижный университет и продолжить свои страстные исследования. Однако, вместо привычной научной специализации, Павлов был заинтересован в изучении параллельных вселенных и мультивселенной теории.

Он проводил эксперименты, используя самодельные устройства и аккуратно записывал свои наблюдения. Его работы вызывали необычайный интерес у научного сообщества, и скоро его исследования стали исключительно известными.', 'authors/nikita.png', '2023-11-23 13:12:47.41836+05', '2023-11-23 13:37:53.294946+05');


--
-- TOC entry 3767 (class 0 OID 17763)
-- Dependencies: 232
-- Data for Name: django_admin_log; Type: TABLE DATA; Schema: public; Owner: postgres
--

INSERT INTO public.django_admin_log VALUES (1, '2023-11-23 13:10:45.263749+05', '1', 'Ярослав Васильев', 1, '[{"added": {}}]', 7, 1);
INSERT INTO public.django_admin_log VALUES (2, '2023-11-23 13:11:59.894284+05', '2', 'Арина Маркина', 1, '[{"added": {}}]', 7, 1);
INSERT INTO public.django_admin_log VALUES (3, '2023-11-23 13:12:47.425156+05', '3', 'Никита Павлов', 1, '[{"added": {}}]', 7, 1);
INSERT INTO public.django_admin_log VALUES (4, '2023-11-23 13:37:45.057217+05', '3', 'Никита Павлов', 2, '[{"changed": {"fields": ["\u0414\u0430\u0442\u0430 \u0440\u043e\u0436\u0434\u0435\u043d\u0438\u044f"]}}]', 7, 1);
INSERT INTO public.django_admin_log VALUES (5, '2023-11-23 13:37:53.296066+05', '3', 'Никита Павлов', 2, '[]', 7, 1);


--
-- TOC entry 3753 (class 0 OID 17663)
-- Dependencies: 218
-- Data for Name: django_content_type; Type: TABLE DATA; Schema: public; Owner: postgres
--

INSERT INTO public.django_content_type VALUES (1, 'admin', 'logentry');
INSERT INTO public.django_content_type VALUES (2, 'auth', 'permission');
INSERT INTO public.django_content_type VALUES (3, 'auth', 'group');
INSERT INTO public.django_content_type VALUES (4, 'auth', 'user');
INSERT INTO public.django_content_type VALUES (5, 'contenttypes', 'contenttype');
INSERT INTO public.django_content_type VALUES (6, 'sessions', 'session');
INSERT INTO public.django_content_type VALUES (7, 'conference', 'authors');
INSERT INTO public.django_content_type VALUES (8, 'conference', 'articles');
INSERT INTO public.django_content_type VALUES (9, 'account', 'customuser');


--
-- TOC entry 3751 (class 0 OID 17655)
-- Dependencies: 216
-- Data for Name: django_migrations; Type: TABLE DATA; Schema: public; Owner: postgres
--

INSERT INTO public.django_migrations VALUES (1, 'contenttypes', '0001_initial', '2023-11-23 12:49:18.862013+05');
INSERT INTO public.django_migrations VALUES (2, 'auth', '0001_initial', '2023-11-23 12:49:18.942274+05');
INSERT INTO public.django_migrations VALUES (3, 'admin', '0001_initial', '2023-11-23 12:49:18.956794+05');
INSERT INTO public.django_migrations VALUES (4, 'admin', '0002_logentry_remove_auto_add', '2023-11-23 12:49:18.962917+05');
INSERT INTO public.django_migrations VALUES (5, 'admin', '0003_logentry_add_action_flag_choices', '2023-11-23 12:49:18.970611+05');
INSERT INTO public.django_migrations VALUES (6, 'contenttypes', '0002_remove_content_type_name', '2023-11-23 12:49:18.984192+05');
INSERT INTO public.django_migrations VALUES (7, 'auth', '0002_alter_permission_name_max_length', '2023-11-23 12:49:18.991217+05');
INSERT INTO public.django_migrations VALUES (8, 'auth', '0003_alter_user_email_max_length', '2023-11-23 12:49:18.999018+05');
INSERT INTO public.django_migrations VALUES (9, 'auth', '0004_alter_user_username_opts', '2023-11-23 12:49:19.004977+05');
INSERT INTO public.django_migrations VALUES (10, 'auth', '0005_alter_user_last_login_null', '2023-11-23 12:49:19.011023+05');
INSERT INTO public.django_migrations VALUES (11, 'auth', '0006_require_contenttypes_0002', '2023-11-23 12:49:19.012675+05');
INSERT INTO public.django_migrations VALUES (12, 'auth', '0007_alter_validators_add_error_messages', '2023-11-23 12:49:19.018491+05');
INSERT INTO public.django_migrations VALUES (13, 'auth', '0008_alter_user_username_max_length', '2023-11-23 12:49:19.030135+05');
INSERT INTO public.django_migrations VALUES (14, 'auth', '0009_alter_user_last_name_max_length', '2023-11-23 12:49:19.037298+05');
INSERT INTO public.django_migrations VALUES (15, 'auth', '0010_alter_group_name_max_length', '2023-11-23 12:49:19.044754+05');
INSERT INTO public.django_migrations VALUES (16, 'auth', '0011_update_proxy_permissions', '2023-11-23 12:49:19.050614+05');
INSERT INTO public.django_migrations VALUES (17, 'auth', '0012_alter_user_first_name_max_length', '2023-11-23 12:49:19.056392+05');
INSERT INTO public.django_migrations VALUES (18, 'sessions', '0001_initial', '2023-11-23 12:49:19.063967+05');
INSERT INTO public.django_migrations VALUES (19, 'account', '0001_initial', '2023-11-23 13:03:26.362956+05');
INSERT INTO public.django_migrations VALUES (20, 'conference', '0001_initial', '2023-11-23 13:03:26.393301+05');
INSERT INTO public.django_migrations VALUES (21, 'account', '0002_alter_customuser_options_alter_customuser_table', '2023-11-23 13:06:05.860954+05');


--
-- TOC entry 3768 (class 0 OID 17791)
-- Dependencies: 233
-- Data for Name: django_session; Type: TABLE DATA; Schema: public; Owner: postgres
--

INSERT INTO public.django_session VALUES ('idpymcpcpubup4w2rs8m4kcpaxk5ozup', '.eJxVjDsOwjAQBe_iGlmsLZssJT1nsPZnEkCJlE8VcXdkKQW0b2be7gpta1-2xeYyqLs6cKffjUleNjagTxofk5dpXOeBfVP8QRd_n9Tet8P9O-hp6Vvd5XxhTYhcDQCQRNDsLClUDhgwImXoxDhXUElRohlozTF1BBzc5wv9JDid:1r64Tv:c_2B17HfNRnjM7TOoepg_J7VepmXXPdo27S9DuQS8Wo', '2023-12-07 12:50:39.612863+05');
INSERT INTO public.django_session VALUES ('p46w2khwnz4anw8o40yzfo8fzf6q2ixh', '.eJxVjDsOwjAQBe_iGlmsLZssJT1nsPZnEkCJlE8VcXdkKQW0b2be7gpta1-2xeYyqLs6cKffjUleNjagTxofk5dpXOeBfVP8QRd_n9Tet8P9O-hp6Vvd5XxhTYhcDQCQRNDsLClUDhgwImXoxDhXUElRohlozTF1BBzc5wv9JDid:1r65Bv:pPaTCRYc7_N1cYGp7HWHkB7SCMgPPuK1y0TmwlJfdG4', '2023-12-07 13:36:07.311843+05');
INSERT INTO public.django_session VALUES ('8sqs4j2n2tjozlwqlrzjj1sx2huzryfg', '.eJxVjDsOwjAQBe_iGlmsLZssJT1nsPZnEkCJlE8VcXdkKQW0b2be7gpta1-2xeYyqLs6cKffjUleNjagTxofk5dpXOeBfVP8QRd_n9Tet8P9O-hp6Vvd5XxhTYhcDQCQRNDsLClUDhgwImXoxDhXUElRohlozTF1BBzc5wv9JDid:1r65kr:u7Y1nejg2rHTFdGNqzo9UfogLLWTM9qLQFe2ePBzVVo', '2023-12-07 14:12:13.210373+05');


--
-- TOC entry 3770 (class 0 OID 17801)
-- Dependencies: 235
-- Data for Name: users; Type: TABLE DATA; Schema: public; Owner: postgres
--



--
-- TOC entry 3783 (class 0 OID 0)
-- Dependencies: 234
-- Name: account_customuser_id_seq; Type: SEQUENCE SET; Schema: public; Owner: postgres
--

SELECT pg_catalog.setval('public.account_customuser_id_seq', 1, false);


--
-- TOC entry 3784 (class 0 OID 0)
-- Dependencies: 240
-- Name: articles_authors_id_seq; Type: SEQUENCE SET; Schema: public; Owner: postgres
--

SELECT pg_catalog.setval('public.articles_authors_id_seq', 1, false);


--
-- TOC entry 3785 (class 0 OID 0)
-- Dependencies: 238
-- Name: articles_id_seq; Type: SEQUENCE SET; Schema: public; Owner: postgres
--

SELECT pg_catalog.setval('public.articles_id_seq', 1, false);


--
-- TOC entry 3786 (class 0 OID 0)
-- Dependencies: 221
-- Name: auth_group_id_seq; Type: SEQUENCE SET; Schema: public; Owner: postgres
--

SELECT pg_catalog.setval('public.auth_group_id_seq', 1, false);


--
-- TOC entry 3787 (class 0 OID 0)
-- Dependencies: 223
-- Name: auth_group_permissions_id_seq; Type: SEQUENCE SET; Schema: public; Owner: postgres
--

SELECT pg_catalog.setval('public.auth_group_permissions_id_seq', 1, false);


--
-- TOC entry 3788 (class 0 OID 0)
-- Dependencies: 219
-- Name: auth_permission_id_seq; Type: SEQUENCE SET; Schema: public; Owner: postgres
--

SELECT pg_catalog.setval('public.auth_permission_id_seq', 36, true);


--
-- TOC entry 3789 (class 0 OID 0)
-- Dependencies: 227
-- Name: auth_user_groups_id_seq; Type: SEQUENCE SET; Schema: public; Owner: postgres
--

SELECT pg_catalog.setval('public.auth_user_groups_id_seq', 1, false);


--
-- TOC entry 3790 (class 0 OID 0)
-- Dependencies: 225
-- Name: auth_user_id_seq; Type: SEQUENCE SET; Schema: public; Owner: postgres
--

SELECT pg_catalog.setval('public.auth_user_id_seq', 1, true);


--
-- TOC entry 3791 (class 0 OID 0)
-- Dependencies: 229
-- Name: auth_user_user_permissions_id_seq; Type: SEQUENCE SET; Schema: public; Owner: postgres
--

SELECT pg_catalog.setval('public.auth_user_user_permissions_id_seq', 1, false);


--
-- TOC entry 3792 (class 0 OID 0)
-- Dependencies: 236
-- Name: authors_id_seq; Type: SEQUENCE SET; Schema: public; Owner: postgres
--

SELECT pg_catalog.setval('public.authors_id_seq', 3, true);


--
-- TOC entry 3793 (class 0 OID 0)
-- Dependencies: 231
-- Name: django_admin_log_id_seq; Type: SEQUENCE SET; Schema: public; Owner: postgres
--

SELECT pg_catalog.setval('public.django_admin_log_id_seq', 5, true);


--
-- TOC entry 3794 (class 0 OID 0)
-- Dependencies: 217
-- Name: django_content_type_id_seq; Type: SEQUENCE SET; Schema: public; Owner: postgres
--

SELECT pg_catalog.setval('public.django_content_type_id_seq', 9, true);


--
-- TOC entry 3795 (class 0 OID 0)
-- Dependencies: 215
-- Name: django_migrations_id_seq; Type: SEQUENCE SET; Schema: public; Owner: postgres
--

SELECT pg_catalog.setval('public.django_migrations_id_seq', 21, true);


--
-- TOC entry 3579 (class 2606 OID 17807)
-- Name: users account_customuser_email_key; Type: CONSTRAINT; Schema: public; Owner: postgres
--

ALTER TABLE ONLY public.users
    ADD CONSTRAINT account_customuser_email_key UNIQUE (email);


--
-- TOC entry 3581 (class 2606 OID 17805)
-- Name: users account_customuser_pkey; Type: CONSTRAINT; Schema: public; Owner: postgres
--

ALTER TABLE ONLY public.users
    ADD CONSTRAINT account_customuser_pkey PRIMARY KEY (id);


--
-- TOC entry 3590 (class 2606 OID 17844)
-- Name: articles_authors articles_authors_articles_id_authors_id_39f17230_uniq; Type: CONSTRAINT; Schema: public; Owner: postgres
--

ALTER TABLE ONLY public.articles_authors
    ADD CONSTRAINT articles_authors_articles_id_authors_id_39f17230_uniq UNIQUE (articles_id, authors_id);


--
-- TOC entry 3593 (class 2606 OID 17830)
-- Name: articles_authors articles_authors_pkey; Type: CONSTRAINT; Schema: public; Owner: postgres
--

ALTER TABLE ONLY public.articles_authors
    ADD CONSTRAINT articles_authors_pkey PRIMARY KEY (id);


--
-- TOC entry 3586 (class 2606 OID 17824)
-- Name: articles articles_pkey; Type: CONSTRAINT; Schema: public; Owner: postgres
--

ALTER TABLE ONLY public.articles
    ADD CONSTRAINT articles_pkey PRIMARY KEY (id);


--
-- TOC entry 3543 (class 2606 OID 17789)
-- Name: auth_group auth_group_name_key; Type: CONSTRAINT; Schema: public; Owner: postgres
--

ALTER TABLE ONLY public.auth_group
    ADD CONSTRAINT auth_group_name_key UNIQUE (name);


--
-- TOC entry 3548 (class 2606 OID 17720)
-- Name: auth_group_permissions auth_group_permissions_group_id_permission_id_0cd325b0_uniq; Type: CONSTRAINT; Schema: public; Owner: postgres
--

ALTER TABLE ONLY public.auth_group_permissions
    ADD CONSTRAINT auth_group_permissions_group_id_permission_id_0cd325b0_uniq UNIQUE (group_id, permission_id);


--
-- TOC entry 3551 (class 2606 OID 17689)
-- Name: auth_group_permissions auth_group_permissions_pkey; Type: CONSTRAINT; Schema: public; Owner: postgres
--

ALTER TABLE ONLY public.auth_group_permissions
    ADD CONSTRAINT auth_group_permissions_pkey PRIMARY KEY (id);


--
-- TOC entry 3545 (class 2606 OID 17681)
-- Name: auth_group auth_group_pkey; Type: CONSTRAINT; Schema: public; Owner: postgres
--

ALTER TABLE ONLY public.auth_group
    ADD CONSTRAINT auth_group_pkey PRIMARY KEY (id);


--
-- TOC entry 3538 (class 2606 OID 17711)
-- Name: auth_permission auth_permission_content_type_id_codename_01ab375a_uniq; Type: CONSTRAINT; Schema: public; Owner: postgres
--

ALTER TABLE ONLY public.auth_permission
    ADD CONSTRAINT auth_permission_content_type_id_codename_01ab375a_uniq UNIQUE (content_type_id, codename);


--
-- TOC entry 3540 (class 2606 OID 17675)
-- Name: auth_permission auth_permission_pkey; Type: CONSTRAINT; Schema: public; Owner: postgres
--

ALTER TABLE ONLY public.auth_permission
    ADD CONSTRAINT auth_permission_pkey PRIMARY KEY (id);


--
-- TOC entry 3559 (class 2606 OID 17703)
-- Name: auth_user_groups auth_user_groups_pkey; Type: CONSTRAINT; Schema: public; Owner: postgres
--

ALTER TABLE ONLY public.auth_user_groups
    ADD CONSTRAINT auth_user_groups_pkey PRIMARY KEY (id);


--
-- TOC entry 3562 (class 2606 OID 17735)
-- Name: auth_user_groups auth_user_groups_user_id_group_id_94350c0c_uniq; Type: CONSTRAINT; Schema: public; Owner: postgres
--

ALTER TABLE ONLY public.auth_user_groups
    ADD CONSTRAINT auth_user_groups_user_id_group_id_94350c0c_uniq UNIQUE (user_id, group_id);


--
-- TOC entry 3553 (class 2606 OID 17695)
-- Name: auth_user auth_user_pkey; Type: CONSTRAINT; Schema: public; Owner: postgres
--

ALTER TABLE ONLY public.auth_user
    ADD CONSTRAINT auth_user_pkey PRIMARY KEY (id);


--
-- TOC entry 3565 (class 2606 OID 17709)
-- Name: auth_user_user_permissions auth_user_user_permissions_pkey; Type: CONSTRAINT; Schema: public; Owner: postgres
--

ALTER TABLE ONLY public.auth_user_user_permissions
    ADD CONSTRAINT auth_user_user_permissions_pkey PRIMARY KEY (id);


--
-- TOC entry 3568 (class 2606 OID 17749)
-- Name: auth_user_user_permissions auth_user_user_permissions_user_id_permission_id_14a6b632_uniq; Type: CONSTRAINT; Schema: public; Owner: postgres
--

ALTER TABLE ONLY public.auth_user_user_permissions
    ADD CONSTRAINT auth_user_user_permissions_user_id_permission_id_14a6b632_uniq UNIQUE (user_id, permission_id);


--
-- TOC entry 3556 (class 2606 OID 17784)
-- Name: auth_user auth_user_username_key; Type: CONSTRAINT; Schema: public; Owner: postgres
--

ALTER TABLE ONLY public.auth_user
    ADD CONSTRAINT auth_user_username_key UNIQUE (username);


--
-- TOC entry 3583 (class 2606 OID 17816)
-- Name: authors authors_pkey; Type: CONSTRAINT; Schema: public; Owner: postgres
--

ALTER TABLE ONLY public.authors
    ADD CONSTRAINT authors_pkey PRIMARY KEY (id);


--
-- TOC entry 3571 (class 2606 OID 17770)
-- Name: django_admin_log django_admin_log_pkey; Type: CONSTRAINT; Schema: public; Owner: postgres
--

ALTER TABLE ONLY public.django_admin_log
    ADD CONSTRAINT django_admin_log_pkey PRIMARY KEY (id);


--
-- TOC entry 3533 (class 2606 OID 17669)
-- Name: django_content_type django_content_type_app_label_model_76bd3d3b_uniq; Type: CONSTRAINT; Schema: public; Owner: postgres
--

ALTER TABLE ONLY public.django_content_type
    ADD CONSTRAINT django_content_type_app_label_model_76bd3d3b_uniq UNIQUE (app_label, model);


--
-- TOC entry 3535 (class 2606 OID 17667)
-- Name: django_content_type django_content_type_pkey; Type: CONSTRAINT; Schema: public; Owner: postgres
--

ALTER TABLE ONLY public.django_content_type
    ADD CONSTRAINT django_content_type_pkey PRIMARY KEY (id);


--
-- TOC entry 3531 (class 2606 OID 17661)
-- Name: django_migrations django_migrations_pkey; Type: CONSTRAINT; Schema: public; Owner: postgres
--

ALTER TABLE ONLY public.django_migrations
    ADD CONSTRAINT django_migrations_pkey PRIMARY KEY (id);


--
-- TOC entry 3575 (class 2606 OID 17797)
-- Name: django_session django_session_pkey; Type: CONSTRAINT; Schema: public; Owner: postgres
--

ALTER TABLE ONLY public.django_session
    ADD CONSTRAINT django_session_pkey PRIMARY KEY (session_key);


--
-- TOC entry 3577 (class 1259 OID 17808)
-- Name: account_customuser_email_a15d8618_like; Type: INDEX; Schema: public; Owner: postgres
--

CREATE INDEX account_customuser_email_a15d8618_like ON public.users USING btree (email varchar_pattern_ops);


--
-- TOC entry 3588 (class 1259 OID 17855)
-- Name: articles_authors_articles_id_5edc6799; Type: INDEX; Schema: public; Owner: postgres
--

CREATE INDEX articles_authors_articles_id_5edc6799 ON public.articles_authors USING btree (articles_id);


--
-- TOC entry 3591 (class 1259 OID 17856)
-- Name: articles_authors_authors_id_7cea8dde; Type: INDEX; Schema: public; Owner: postgres
--

CREATE INDEX articles_authors_authors_id_7cea8dde ON public.articles_authors USING btree (authors_id);


--
-- TOC entry 3584 (class 1259 OID 17841)
-- Name: articles_moderator_id_e755db64; Type: INDEX; Schema: public; Owner: postgres
--

CREATE INDEX articles_moderator_id_e755db64 ON public.articles USING btree (moderator_id);


--
-- TOC entry 3587 (class 1259 OID 17842)
-- Name: articles_user_id_b9d9571c; Type: INDEX; Schema: public; Owner: postgres
--

CREATE INDEX articles_user_id_b9d9571c ON public.articles USING btree (user_id);


--
-- TOC entry 3541 (class 1259 OID 17790)
-- Name: auth_group_name_a6ea08ec_like; Type: INDEX; Schema: public; Owner: postgres
--

CREATE INDEX auth_group_name_a6ea08ec_like ON public.auth_group USING btree (name varchar_pattern_ops);


--
-- TOC entry 3546 (class 1259 OID 17731)
-- Name: auth_group_permissions_group_id_b120cbf9; Type: INDEX; Schema: public; Owner: postgres
--

CREATE INDEX auth_group_permissions_group_id_b120cbf9 ON public.auth_group_permissions USING btree (group_id);


--
-- TOC entry 3549 (class 1259 OID 17732)
-- Name: auth_group_permissions_permission_id_84c5c92e; Type: INDEX; Schema: public; Owner: postgres
--

CREATE INDEX auth_group_permissions_permission_id_84c5c92e ON public.auth_group_permissions USING btree (permission_id);


--
-- TOC entry 3536 (class 1259 OID 17717)
-- Name: auth_permission_content_type_id_2f476e4b; Type: INDEX; Schema: public; Owner: postgres
--

CREATE INDEX auth_permission_content_type_id_2f476e4b ON public.auth_permission USING btree (content_type_id);


--
-- TOC entry 3557 (class 1259 OID 17747)
-- Name: auth_user_groups_group_id_97559544; Type: INDEX; Schema: public; Owner: postgres
--

CREATE INDEX auth_user_groups_group_id_97559544 ON public.auth_user_groups USING btree (group_id);


--
-- TOC entry 3560 (class 1259 OID 17746)
-- Name: auth_user_groups_user_id_6a12ed8b; Type: INDEX; Schema: public; Owner: postgres
--

CREATE INDEX auth_user_groups_user_id_6a12ed8b ON public.auth_user_groups USING btree (user_id);


--
-- TOC entry 3563 (class 1259 OID 17761)
-- Name: auth_user_user_permissions_permission_id_1fbb5f2c; Type: INDEX; Schema: public; Owner: postgres
--

CREATE INDEX auth_user_user_permissions_permission_id_1fbb5f2c ON public.auth_user_user_permissions USING btree (permission_id);


--
-- TOC entry 3566 (class 1259 OID 17760)
-- Name: auth_user_user_permissions_user_id_a95ead1b; Type: INDEX; Schema: public; Owner: postgres
--

CREATE INDEX auth_user_user_permissions_user_id_a95ead1b ON public.auth_user_user_permissions USING btree (user_id);


--
-- TOC entry 3554 (class 1259 OID 17785)
-- Name: auth_user_username_6821ab7c_like; Type: INDEX; Schema: public; Owner: postgres
--

CREATE INDEX auth_user_username_6821ab7c_like ON public.auth_user USING btree (username varchar_pattern_ops);


--
-- TOC entry 3569 (class 1259 OID 17781)
-- Name: django_admin_log_content_type_id_c4bce8eb; Type: INDEX; Schema: public; Owner: postgres
--

CREATE INDEX django_admin_log_content_type_id_c4bce8eb ON public.django_admin_log USING btree (content_type_id);


--
-- TOC entry 3572 (class 1259 OID 17782)
-- Name: django_admin_log_user_id_c564eba6; Type: INDEX; Schema: public; Owner: postgres
--

CREATE INDEX django_admin_log_user_id_c564eba6 ON public.django_admin_log USING btree (user_id);


--
-- TOC entry 3573 (class 1259 OID 17799)
-- Name: django_session_expire_date_a5c62663; Type: INDEX; Schema: public; Owner: postgres
--

CREATE INDEX django_session_expire_date_a5c62663 ON public.django_session USING btree (expire_date);


--
-- TOC entry 3576 (class 1259 OID 17798)
-- Name: django_session_session_key_c0390e0f_like; Type: INDEX; Schema: public; Owner: postgres
--

CREATE INDEX django_session_session_key_c0390e0f_like ON public.django_session USING btree (session_key varchar_pattern_ops);


--
-- TOC entry 3605 (class 2606 OID 17845)
-- Name: articles_authors articles_authors_articles_id_5edc6799_fk_articles_id; Type: FK CONSTRAINT; Schema: public; Owner: postgres
--

ALTER TABLE ONLY public.articles_authors
    ADD CONSTRAINT articles_authors_articles_id_5edc6799_fk_articles_id FOREIGN KEY (articles_id) REFERENCES public.articles(id) DEFERRABLE INITIALLY DEFERRED;


--
-- TOC entry 3606 (class 2606 OID 17850)
-- Name: articles_authors articles_authors_authors_id_7cea8dde_fk_authors_id; Type: FK CONSTRAINT; Schema: public; Owner: postgres
--

ALTER TABLE ONLY public.articles_authors
    ADD CONSTRAINT articles_authors_authors_id_7cea8dde_fk_authors_id FOREIGN KEY (authors_id) REFERENCES public.authors(id) DEFERRABLE INITIALLY DEFERRED;


--
-- TOC entry 3603 (class 2606 OID 17831)
-- Name: articles articles_moderator_id_e755db64_fk_account_customuser_id; Type: FK CONSTRAINT; Schema: public; Owner: postgres
--

ALTER TABLE ONLY public.articles
    ADD CONSTRAINT articles_moderator_id_e755db64_fk_account_customuser_id FOREIGN KEY (moderator_id) REFERENCES public.users(id) DEFERRABLE INITIALLY DEFERRED;


--
-- TOC entry 3604 (class 2606 OID 17836)
-- Name: articles articles_user_id_b9d9571c_fk_account_customuser_id; Type: FK CONSTRAINT; Schema: public; Owner: postgres
--

ALTER TABLE ONLY public.articles
    ADD CONSTRAINT articles_user_id_b9d9571c_fk_account_customuser_id FOREIGN KEY (user_id) REFERENCES public.users(id) DEFERRABLE INITIALLY DEFERRED;


--
-- TOC entry 3595 (class 2606 OID 17726)
-- Name: auth_group_permissions auth_group_permissio_permission_id_84c5c92e_fk_auth_perm; Type: FK CONSTRAINT; Schema: public; Owner: postgres
--

ALTER TABLE ONLY public.auth_group_permissions
    ADD CONSTRAINT auth_group_permissio_permission_id_84c5c92e_fk_auth_perm FOREIGN KEY (permission_id) REFERENCES public.auth_permission(id) DEFERRABLE INITIALLY DEFERRED;


--
-- TOC entry 3596 (class 2606 OID 17721)
-- Name: auth_group_permissions auth_group_permissions_group_id_b120cbf9_fk_auth_group_id; Type: FK CONSTRAINT; Schema: public; Owner: postgres
--

ALTER TABLE ONLY public.auth_group_permissions
    ADD CONSTRAINT auth_group_permissions_group_id_b120cbf9_fk_auth_group_id FOREIGN KEY (group_id) REFERENCES public.auth_group(id) DEFERRABLE INITIALLY DEFERRED;


--
-- TOC entry 3594 (class 2606 OID 17712)
-- Name: auth_permission auth_permission_content_type_id_2f476e4b_fk_django_co; Type: FK CONSTRAINT; Schema: public; Owner: postgres
--

ALTER TABLE ONLY public.auth_permission
    ADD CONSTRAINT auth_permission_content_type_id_2f476e4b_fk_django_co FOREIGN KEY (content_type_id) REFERENCES public.django_content_type(id) DEFERRABLE INITIALLY DEFERRED;


--
-- TOC entry 3597 (class 2606 OID 17741)
-- Name: auth_user_groups auth_user_groups_group_id_97559544_fk_auth_group_id; Type: FK CONSTRAINT; Schema: public; Owner: postgres
--

ALTER TABLE ONLY public.auth_user_groups
    ADD CONSTRAINT auth_user_groups_group_id_97559544_fk_auth_group_id FOREIGN KEY (group_id) REFERENCES public.auth_group(id) DEFERRABLE INITIALLY DEFERRED;


--
-- TOC entry 3598 (class 2606 OID 17736)
-- Name: auth_user_groups auth_user_groups_user_id_6a12ed8b_fk_auth_user_id; Type: FK CONSTRAINT; Schema: public; Owner: postgres
--

ALTER TABLE ONLY public.auth_user_groups
    ADD CONSTRAINT auth_user_groups_user_id_6a12ed8b_fk_auth_user_id FOREIGN KEY (user_id) REFERENCES public.auth_user(id) DEFERRABLE INITIALLY DEFERRED;


--
-- TOC entry 3599 (class 2606 OID 17755)
-- Name: auth_user_user_permissions auth_user_user_permi_permission_id_1fbb5f2c_fk_auth_perm; Type: FK CONSTRAINT; Schema: public; Owner: postgres
--

ALTER TABLE ONLY public.auth_user_user_permissions
    ADD CONSTRAINT auth_user_user_permi_permission_id_1fbb5f2c_fk_auth_perm FOREIGN KEY (permission_id) REFERENCES public.auth_permission(id) DEFERRABLE INITIALLY DEFERRED;


--
-- TOC entry 3600 (class 2606 OID 17750)
-- Name: auth_user_user_permissions auth_user_user_permissions_user_id_a95ead1b_fk_auth_user_id; Type: FK CONSTRAINT; Schema: public; Owner: postgres
--

ALTER TABLE ONLY public.auth_user_user_permissions
    ADD CONSTRAINT auth_user_user_permissions_user_id_a95ead1b_fk_auth_user_id FOREIGN KEY (user_id) REFERENCES public.auth_user(id) DEFERRABLE INITIALLY DEFERRED;


--
-- TOC entry 3601 (class 2606 OID 17771)
-- Name: django_admin_log django_admin_log_content_type_id_c4bce8eb_fk_django_co; Type: FK CONSTRAINT; Schema: public; Owner: postgres
--

ALTER TABLE ONLY public.django_admin_log
    ADD CONSTRAINT django_admin_log_content_type_id_c4bce8eb_fk_django_co FOREIGN KEY (content_type_id) REFERENCES public.django_content_type(id) DEFERRABLE INITIALLY DEFERRED;


--
-- TOC entry 3602 (class 2606 OID 17776)
-- Name: django_admin_log django_admin_log_user_id_c564eba6_fk_auth_user_id; Type: FK CONSTRAINT; Schema: public; Owner: postgres
--

ALTER TABLE ONLY public.django_admin_log
    ADD CONSTRAINT django_admin_log_user_id_c564eba6_fk_auth_user_id FOREIGN KEY (user_id) REFERENCES public.auth_user(id) DEFERRABLE INITIALLY DEFERRED;


-- Completed on 2023-11-23 14:36:53 +05

--
-- PostgreSQL database dump complete
--

